name,similarity,cumulative rainfall,flood peak,test_name,test_flood peak,hydrological similarity,temporal similarity,spatial similarity,fusion similarity
69,0.5422,54,15982,210,23278,0.5422,0.442482,0.234423,2318.435625562171
110,0.6207,45,13075,210,23278,0.6207,0.463148,0.281464,2640.064373415961
204,0.6311,45,7359,210,23278,0.6311,0.470843,0.2675,2686.7832179805305
17,0.66,60,24421,210,23278,0.66,0.430103,0.249623,2796.2245381067173
116,0.6647,41,17994,210,23278,0.6647,0.465314,0.270596,2822.663158312234
73,0.7003,61,18449,210,23278,0.7003,0.50122,0.252141,2981.361336599593
40,0.719,48,11719,210,23278,0.719,0.465383,0.267719,3045.858526624456
96,0.7569,48,8638,210,23278,0.7569,0.442082,0.256109,3196.3219132770546
162,0.7889,41,7276,210,23278,0.7889,0.462184,0.291786,3328.5259165395382
205,0.8275,38,11943,210,23278,0.8275,0.45407,0.274781,3486.8817450107513
4,0.0717,20,3948,211,2902,0.0717,0.455471,0.228616,392.44888256746424
140,0.1988,24,2416,211,2902,0.1988,0.466192,0.258239,913.000187108461
176,0.2038,21,5137,211,2902,0.2038,0.413367,0.243914,920.4852075427475
185,0.2078,17,2359,211,2902,0.2078,0.466854,0.233894,953.3752507103833
28,0.2102,17,5009,211,2902,0.2102,0.458026,0.255076,957.8867212306633
13,0.2195,22,1875,211,2902,0.2195,0.470687,0.239857,1001.6657300953472
20,0.2278,19,4415,211,2902,0.2278,0.412786,0.269736,1015.3327277029227
52,0.2291,22,3147,211,2902,0.2291,0.478161,0.226737,1044.9266131334787
82,0.2313,25,4711,211,2902,0.2313,0.435647,0.271594,1035.913491599469
61,0.2327,15,2121,211,2902,0.2327,0.384393,0.218501,1034.2656084126309
139,0.055,5,1020,212,1457,0.055,0.468923,0.222791,328.51653062055357
24,0.0566,5,2031,212,1457,0.0566,0.483064,0.254122,334.88600058201496
121,0.0587,5,1627,212,1457,0.0587,0.488804,0.221558,349.4886462901843
58,0.0635,5,1917,212,1457,0.0635,0.419455,0.275826,342.2886671405012
80,0.072,5,1321,212,1457,0.072,0.447622,0.241868,389.683452310927
57,0.0844,5,1369,212,1457,0.0844,0.478207,0.246387,448.60983385878205
184,0.1065,5,1286,212,1457,0.1065,0.506908,0.249673,546.9669020137757
78,0.1121,6,1354,212,1457,0.1121,0.48903,0.225078,568.1788739071222
86,0.1167,7,1911,212,1457,0.1167,0.496116,0.241332,586.8803914849061
47,0.1176,6,1360,212,1457,0.1176,0.458313,0.224926,582.0730508061673
194,0.4745,16,2773,213,12252,0.4745,0.441157,0.273033,2035.1186200629802
28,0.4885,17,5009,213,12252,0.4885,0.460272,0.286156,2096.2113483346575
117,0.5136,15,8130,213,12252,0.5136,0.467642,0.354695,2192.0999755450216
200,0.5304,17,6615,213,12252,0.5304,0.429623,0.270988,2261.4837960206937
61,0.5359,15,2121,213,12252,0.5359,0.450991,0.286358,2288.0379746108542
67,0.5367,18,2281,213,12252,0.5367,0.441475,0.328183,2283.024791811459
4,0.5449,20,3948,213,12252,0.5449,0.449357,0.318165,2320.2414673585563
206,0.5496,19,6402,213,12252,0.5496,0.419741,0.326056,2330.087446628443
185,0.5529,17,2359,213,12252,0.5529,0.41663,0.298232,2346.4739955465975
97,0.5583,15,3951,213,12252,0.5583,0.462982,0.281673,2383.9650122819285
187,0.0685,9,1677,214,2120,0.0685,0.413436,0.255925,363.7659953368641
188,0.0693,10,3159,214,2120,0.0693,0.466637,0.233837,385.06221740049523
60,0.0821,11,2371,214,2120,0.0821,0.483735,0.246825,440.6787038034748
30,0.1019,12,1381,214,2120,0.1019,0.472068,0.25338,517.7375564201013
84,0.1041,8,1771,214,2120,0.1041,0.450631,0.259831,519.8335740876605
173,0.1089,12,1943,214,2120,0.1089,0.466593,0.248264,545.5942141928493
119,0.1097,6,973,214,2120,0.1097,0.442046,0.242295,542.7297334391216
174,0.114,8,4047,214,2120,0.114,0.461103,0.24394,565.5449204652215
29,0.1144,7,1798,214,2120,0.1144,0.484764,0.254685,572.4424540113506
136,0.1173,8,3319,214,2120,0.1173,0.446471,0.247073,574.5243609838952
167,0.0608,17,1408,215,1351,0.0608,0.453592,0.250622,344.2471329798093
151,0.0644,18,2757,215,1351,0.0644,0.434082,0.24319,354.4922953785268
131,0.1115,18,3258,215,1351,0.1115,0.488287,0.225103,565.5034945386357
79,0.1179,15,1563,215,1351,0.1179,0.467089,0.225931,585.6527850007582
185,0.1185,17,2359,215,1351,0.1185,0.479334,0.259781,587.0453287792744
183,0.1186,16,2351,215,1351,0.1186,0.453401,0.212934,586.3923733919199
33,0.123,13,2366,215,1351,0.123,0.423391,0.259726,589.6849887733199
141,0.1515,12,2179,215,1351,0.1515,0.484584,0.237871,726.8634640960651
67,0.1544,18,2281,215,1351,0.1544,0.410473,0.255358,715.4472950911357
28,0.1553,17,5009,215,1351,0.1553,0.464504,0.283896,730.6070865576888
151,0.1337,18,2757,216,1340,0.1337,0.46801,0.251804,647.2742856356191
67,0.1426,18,2281,216,1340,0.1426,0.444112,0.238988,678.7445865207247
131,0.1467,18,3258,216,1340,0.1467,0.478009,0.21294,708.6482877302606
148,0.1583,13,1680,216,1340,0.1583,0.45722,0.22893,748.217659690232
68,0.1803,15,3238,216,1340,0.1803,0.467992,0.210466,844.0043224588362
28,0.1898,17,5009,216,1340,0.1898,0.492336,0.273239,881.4626164232708
46,0.1945,20,4332,216,1340,0.1945,0.517161,0.268314,908.4313243475499
66,0.207,13,1879,216,1340,0.207,0.434713,0.252193,938.5462386257049
167,0.2097,17,1408,216,1340,0.2097,0.468469,0.27257,956.4470435497243
183,0.2134,16,2351,216,1340,0.2134,0.433969,0.222322,968.5959781177576
195,0.0536,12,1837,217,2003,0.0536,0.396043,0.23307,300.7715565742837
127,0.0727,13,3302,217,2003,0.0727,0.460441,0.22873,397.9429998828583
153,0.0753,12,2165,217,2003,0.0753,0.480027,0.211027,416.52462267787627
196,0.1165,11,1590,217,2003,0.1165,0.397267,0.223449,560.4825768259808
197,0.1187,12,1482,217,2003,0.1187,0.417963,0.230187,574.4631375731781
148,0.13,13,1680,217,2003,0.13,0.465777,0.246723,632.1420728992092
150,0.1322,13,1507,217,2003,0.1322,0.474345,0.223733,646.6728097311343
66,0.134,13,1879,217,2003,0.134,0.433229,0.258736,637.7341106919209
99,0.1421,10,2281,217,2003,0.1421,0.411217,0.235172,667.8955042767511
165,0.1441,13,3034,217,2003,0.1441,0.461115,0.22523,691.5535574919406
14,0.3348,65,11096,218,9108,0.3348,0.462594,0.2571,1470.136457085769
12,0.3706,66,9862,218,9108,0.3706,0.445749,0.277828,1609.4787514509628
100,0.4321,68,10354,218,9108,0.4321,0.490218,0.28953,1872.8269803527223
115,0.5587,77,25066,218,9108,0.5587,0.497503,0.276737,2396.036305630493
71,0.5805,58,15210,218,9108,0.5805,0.472343,0.232882,2484.2354265897857
17,0.8227,60,24421,218,9108,0.8227,0.409267,0.2668,3455.578098779063
69,0.8427,54,15982,218,9108,0.8427,0.42535,0.222198,3548.163097067263
108,0.9734,52,5080,218,9108,0.9734,0.458906,0.260113,4088.836237257034
130,0.9974,46,10694,218,9108,0.9974,0.45715,0.241923,4189.246875803368
199,1.0614,41,8656,218,9108,1.0614,0.425438,0.255475,4441.046629239642
183,0.0745,16,2351,219,2675,0.0745,0.47655,0.228677,409.89401656801414
167,0.0871,17,1408,219,2675,0.0871,0.457133,0.228592,456.1079241002135
33,0.0968,13,2366,219,2675,0.0968,0.44374,0.239994,490.58922070638346
151,0.0969,18,2757,219,2675,0.0969,0.464017,0.265194,493.3619292464095
79,0.1165,15,1563,219,2675,0.1165,0.482844,0.208244,586.7363308809968
131,0.1266,18,3258,219,2675,0.1266,0.491277,0.226077,628.173766031415
185,0.1347,17,2359,219,2675,0.1347,0.500176,0.22091,664.6181259132231
28,0.1368,17,5009,219,2675,0.1368,0.51255,0.245251,673.4753847439843
67,0.1385,18,2281,219,2675,0.1385,0.435896,0.241385,659.2763801132464
61,0.1512,15,2121,219,2675,0.1512,0.484796,0.206495,729.8955408291143
56,0.086,13,3410,220,2765,0.086,0.468268,0.216128,456.41532113307073
30,0.099,12,1381,220,2765,0.099,0.422293,0.261271,490.6963924478236
60,0.1097,11,2371,220,2765,0.1097,0.415948,0.271522,531.4293012805235
149,0.1141,14,2067,220,2765,0.1141,0.429237,0.254044,555.5841494016212
173,0.1212,12,1943,220,2765,0.1212,0.4466,0.291503,584.6107719065758
188,0.1256,10,3159,220,2765,0.1256,0.445242,0.290913,602.3585141009613
85,0.1264,12,2205,220,2765,0.1264,0.46075,0.2897,610.1918898576874
141,0.1374,12,2179,220,2765,0.1374,0.414993,0.261428,646.1630445114985
32,0.1399,11,1395,220,2765,0.1399,0.429828,0.23778,663.7862743767533
191,0.1425,13,1809,220,2765,0.1425,0.411461,0.289339,662.3497967420233
186,0.0468,7,2166,221,1979,0.0468,0.501367,0.245553,301.0043682614032
36,0.0636,6,1487,221,1979,0.0636,0.455293,0.259177,355.07077898151965
87,0.0667,7,2392,221,1979,0.0667,0.43733,0.262966,362.19913251825267
34,0.0712,6,1699,221,1979,0.0712,0.461094,0.233263,391.36613857914153
24,0.0758,5,2031,221,1979,0.0758,0.463701,0.25642,407.87547733023945
121,0.0815,5,1627,221,1979,0.0815,0.478388,0.242899,437.22971956060644
86,0.0836,7,1911,221,1979,0.0836,0.467846,0.262258,440.26946794464465
103,0.0884,7,1866,221,1979,0.0884,0.473815,0.277575,459.6009985556828
78,0.0887,6,1354,221,1979,0.0887,0.505085,0.260947,471.9082148977305
23,0.0931,6,1637,221,1979,0.0931,0.475023,0.232664,485.24278291260447
187,0.0477,9,1677,222,2391,0.0477,0.421039,0.238641,282.89134119784717
182,0.0554,9,2126,222,2391,0.0554,0.472398,0.216277,332.0136664626999
84,0.0625,8,1771,222,2391,0.0625,0.453505,0.293472,345.45756716104194
144,0.0838,6,1551,222,2391,0.0838,0.471314,0.28717,438.7343636626556
25,0.084,8,1533,222,2391,0.084,0.475999,0.186073,454.4231808067054
107,0.0872,10,1570,222,2391,0.0872,0.464894,0.278534,452.02448462188124
49,0.0947,8,848,222,2391,0.0947,0.447475,0.246737,482.1267043829054
188,0.0953,10,3159,222,2391,0.0953,0.443756,0.301099,476.25399884225936
19,0.0954,5,1888,222,2391,0.0954,0.468306,0.235245,492.43303434259985
29,0.0956,7,1798,222,2391,0.0956,0.509661,0.285658,498.2033806348548
146,0.0709,7,1657,223,580,0.0709,0.440125,0.232254,384.3365095558177
121,0.0738,5,1627,223,580,0.0738,0.480615,0.252377,404.99754800422676
55,0.0739,7,1629,223,580,0.0739,0.455416,0.225557,401.8695875057007
86,0.0813,7,1911,223,580,0.0813,0.43156,0.22332,425.7802319011226
58,0.0928,5,1917,223,580,0.0928,0.452806,0.237653,477.05652738095034
57,0.1006,5,1369,223,580,0.1006,0.443611,0.206898,510.57731753046005
23,0.101,6,1637,223,580,0.101,0.507786,0.228974,527.4218437039816
24,0.1015,5,2031,223,580,0.1015,0.452231,0.247326,511.29377313481507
80,0.1048,5,1321,223,580,0.1048,0.437909,0.238591,521.9507162048726
186,0.1087,7,2166,223,580,0.1087,0.461269,0.242266,544.0704752314548
87,0.0446,7,2392,224,1800,0.0446,0.447915,0.251116,276.1065856795645
24,0.0522,5,2031,224,1800,0.0522,0.456371,0.278223,306.0508438890902
36,0.0535,6,1487,224,1800,0.0535,0.446129,0.275755,308.81695835759376
86,0.0589,7,1911,224,1800,0.0589,0.433362,0.255569,330.0640659358362
90,0.0708,8,2079,224,1800,0.0708,0.425877,0.286857,372.57990805154515
121,0.0708,5,1627,224,1800,0.0708,0.4525,0.293471,379.22782775684686
103,0.0722,7,1866,224,1800,0.0722,0.492392,0.281575,397.85431253878767
186,0.0743,7,2166,224,1800,0.0743,0.482586,0.266184,405.75727204696074
31,0.0794,6,1843,224,1800,0.0794,0.451841,0.262761,418.44051003669847
78,0.0801,6,1354,224,1800,0.0801,0.468966,0.254686,427.24037518257705
27,0.0641,9,2110,225,2030,0.0641,0.45657,0.244249,359.4833072173639
60,0.0656,11,2371,225,2030,0.0656,0.494672,0.259892,374.32455979272606
188,0.0674,10,3159,225,2030,0.0674,0.476483,0.238049,379.4886506451095
30,0.0914,12,1381,225,2030,0.0914,0.463431,0.247127,473.0500121248067
120,0.0976,8,2678,225,2030,0.0976,0.493052,0.276245,502.9701180492207
84,0.1167,8,1771,225,2030,0.1167,0.485107,0.253682,582.1106709207776
85,0.1167,12,2205,225,2030,0.1167,0.423723,0.264071,563.3482891807594
136,0.117,8,3319,225,2030,0.117,0.471144,0.227728,582.866910858571
29,0.1177,7,1798,225,2030,0.1177,0.494422,0.255056,588.6655728804368
62,0.1238,15,3193,225,2030,0.1238,0.451609,0.280388,598.1848336729247
64,0.1138,29,3546,226,5160,0.1138,0.499034,0.252237,574.3467923194194
190,0.1501,29,3585,226,5160,0.1501,0.456605,0.278187,707.8011746244956
21,0.1608,30,10357,226,5160,0.1608,0.464291,0.222588,761.3255731347035
92,0.1749,27,8014,226,5160,0.1749,0.449414,0.257137,810.3392672464729
50,0.1832,29,1611,226,5160,0.1832,0.50105,0.233315,862.1970585209177
135,0.1886,28,11701,226,5160,0.1886,0.470595,0.291496,867.9410878108836
142,0.2256,30,4615,226,5160,0.2256,0.489344,0.249845,1030.6354560739085
157,0.2275,25,2783,226,5160,0.2275,0.459521,0.226359,1033.1376881199305
192,0.2328,25,3227,226,5160,0.2328,0.501847,0.252882,1063.308066419209
104,0.2349,33,5897,226,5160,0.2349,0.507957,0.249001,1074.173186596632
166,0.0869,9,3094,227,3470,0.0869,0.422136,0.253016,442.11200704046666
2,0.1221,10,2739,227,3470,0.1221,0.434791,0.29399,584.6285208252848
156,0.1227,10,3096,227,3470,0.1227,0.441006,0.257464,593.7418812749994
197,0.1234,12,1482,227,3470,0.1234,0.420179,0.250556,591.6455912587022
99,0.1376,10,2281,227,3470,0.1376,0.392001,0.277533,638.319910210415
89,0.1421,12,4126,227,3470,0.1421,0.477787,0.216108,689.2875030924982
164,0.1473,11,3234,227,3470,0.1473,0.475653,0.252743,705.1115402437508
165,0.1556,13,3034,227,3470,0.1556,0.44213,0.250637,729.9616843302309
127,0.1565,13,3302,227,3470,0.1565,0.44905,0.260999,734.2245557056118
195,0.1581,12,1837,227,3470,0.1581,0.433221,0.245604,738.3721575970512
159,0.1369,26,5022,228,4530,0.1369,0.406208,0.26479,641.1751912009232
52,0.1436,22,3147,228,4530,0.1436,0.457328,0.259917,683.7839221830953
75,0.1462,28,9565,228,4530,0.1462,0.452805,0.309224,686.5667492392287
176,0.1668,21,5137,228,4530,0.1668,0.451331,0.29416,772.6883994146312
112,0.1901,21,12921,228,4530,0.1901,0.431113,0.291211,862.9609013006241
37,0.1994,25,7035,228,4530,0.1994,0.407456,0.252054,899.6690907679279
143,0.2053,25,4492,228,4530,0.2053,0.461745,0.330526,928.7277605717653
132,0.2054,26,7241,228,4530,0.2054,0.417193,0.267742,924.9407558310052
157,0.2155,25,2783,228,4530,0.2155,0.454835,0.306626,971.8240011342118
201,0.2363,24,6965,228,4530,0.2363,0.433006,0.302344,1051.5617894693912
53,0.0251,5,2793,229,2480,0.0251,0.419763,0.228187,191.20383599574447
78,0.0642,6,1354,229,2480,0.0642,0.430141,0.20459,357.7271233153035
134,0.1045,5,2235,229,2480,0.1045,0.402809,0.247825,509.5501319230392
22,0.1046,5,1381,229,2480,0.1046,0.462316,0.222283,530.2214665024707
65,0.1059,6,2200,229,2480,0.1059,0.451189,0.238837,530.1890485935193
172,0.1147,6,1958,229,2480,0.1147,0.428142,0.234135,560.4029633775566
139,0.1191,5,1020,229,2480,0.1191,0.482716,0.237219,593.4864470776146
76,0.1217,5,647,229,2480,0.1217,0.417554,0.234241,586.1132083873698
24,0.1334,5,2031,229,2480,0.1334,0.435173,0.248619,637.1776819133345
63,0.1352,8,1834,229,2480,0.1352,0.471059,0.273323,651.4089614095035
86,0.0469,7,1911,230,1580,0.0469,0.458079,0.258014,287.49561582338185
87,0.051,7,2392,230,1580,0.051,0.43761,0.239937,300.94682395006396
55,0.0609,7,1629,230,1580,0.0609,0.440448,0.278025,337.2671120373659
23,0.0654,6,1637,230,1580,0.0654,0.483032,0.245878,372.0872732726116
103,0.0662,7,1866,230,1580,0.0662,0.498606,0.238285,380.79395858731385
144,0.0711,6,1551,230,1580,0.0711,0.398381,0.279371,367.0326380339659
29,0.0726,7,1798,230,1580,0.0726,0.461905,0.249411,395.17667146268826
36,0.0756,6,1487,230,1580,0.0756,0.467212,0.275409,405.50477456812
182,0.0767,9,2126,230,1580,0.0767,0.422098,0.22443,404.08034928431204
120,0.0819,8,2678,230,1580,0.0819,0.422624,0.258105,421.0536319955742
142,0.1043,30,4615,231,8130,0.1043,0.468678,0.246524,527.5437258096017
135,0.1266,28,11701,231,8130,0.1266,0.469466,0.230095,621.4633589701161
21,0.1587,30,10357,231,8130,0.1587,0.472172,0.260177,749.9043363950206
92,0.1823,27,8014,231,8130,0.1823,0.45376,0.244841,843.5780948278151
180,0.2149,36,4804,231,8130,0.2149,0.457536,0.274949,974.3698603720738
104,0.2172,33,5897,231,8130,0.2172,0.491009,0.279186,992.7114315704146
147,0.219,33,2611,231,8130,0.219,0.461595,0.253186,995.2558715459563
64,0.2308,29,3546,231,8130,0.2308,0.476668,0.289073,1043.128924888862
88,0.2531,33,9276,231,8130,0.2531,0.466359,0.270265,1134.2269572951254
168,0.2703,32,5747,231,8130,0.2703,0.451179,0.274724,1199.9047718731579
132,0.1502,26,7241,232,3130,0.1502,0.440517,0.261706,705.8665261613238
124,0.1588,22,5410,232,3130,0.1588,0.478451,0.242881,754.4083767012341
52,0.1724,22,3147,232,3130,0.1724,0.467094,0.22027,810.0235638716487
125,0.183,24,3512,232,3130,0.183,0.48031,0.21761,857.6111303926543
143,0.1932,25,4492,232,3130,0.1932,0.490529,0.223064,901.6224997684797
170,0.1936,24,4700,232,3130,0.1936,0.475654,0.229527,898.1885356933489
140,0.2072,24,2416,232,3130,0.2072,0.494309,0.261034,955.0472812986314
176,0.2076,21,5137,232,3130,0.2076,0.462539,0.235464,951.1232721049904
157,0.2219,25,2783,232,3130,0.2219,0.449928,0.229547,1007.0194211880312
95,0.2397,27,4025,232,3130,0.2397,0.4705,0.270804,1080.3469982290133
63,0.1269,8,1834,233,3070,0.1269,0.455607,0.279078,612.2108472541894
54,0.1437,9,3814,233,3070,0.1437,0.490639,0.245455,695.5579725855131
164,0.1555,11,3234,233,3070,0.1555,0.474175,0.267956,736.2996630498702
133,0.1615,8,2875,233,3070,0.1615,0.439042,0.27024,750.6693433851183
99,0.1752,10,2281,233,3070,0.1752,0.427623,0.289529,801.0645686265614
93,0.1775,6,3859,233,3070,0.1775,0.490357,0.254466,832.9509803288739
90,0.1788,8,2079,233,3070,0.1788,0.444915,0.280793,821.8988057801641
155,0.182,7,1921,233,3070,0.182,0.398932,0.290156,820.7615627632031
156,0.1838,10,3096,233,3070,0.1838,0.449601,0.292575,842.1613889474226
198,0.1874,14,2938,233,3070,0.1874,0.375893,0.297698,835.3875501798111
53,0.0887,5,2793,234,2480,0.0887,0.523737,0.226411,481.81271090512286
65,0.1122,6,2200,234,2480,0.1122,0.512903,0.234054,574.142479997838
172,0.1202,6,1958,234,2480,0.1202,0.448422,0.238665,588.1013264266791
155,0.1299,7,1921,234,2480,0.1299,0.450439,0.273642,623.7854270533848
22,0.1358,5,1381,234,2480,0.1358,0.511206,0.228677,671.2122678839256
78,0.1557,6,1354,234,2480,0.1557,0.518546,0.233129,754.3418106438364
63,0.1684,8,1834,234,2480,0.1684,0.478372,0.306464,785.2571309264824
76,0.1708,5,647,234,2480,0.1708,0.451048,0.24476,795.6375091042601
105,0.1742,6,3431,234,2480,0.1742,0.502012,0.26546,821.2367132265063
134,0.1858,5,2235,234,2480,0.1858,0.512454,0.236371,875.6825309117485
172,0.0423,6,1958,235,3170,0.0423,0.412669,0.256229,256.010804092268
65,0.0474,6,2200,235,3170,0.0474,0.391914,0.235295,273.8667428812736
155,0.079,7,1921,235,3170,0.079,0.407449,0.2711,403.1200274774985
53,0.1011,5,2793,235,3170,0.1011,0.440182,0.216452,510.37863538976376
105,0.1036,6,3431,235,3170,0.1036,0.443309,0.248091,517.2827148240237
22,0.118,5,1381,235,3170,0.118,0.475813,0.250013,585.3059346393367
63,0.1206,8,1834,235,3170,0.1206,0.467732,0.250497,593.6219851548612
78,0.1317,6,1354,235,3170,0.1317,0.502411,0.234997,651.0547081538497
177,0.1332,6,2676,235,3170,0.1332,0.415997,0.259112,629.5249898593919
193,0.1363,10,2675,235,3170,0.1363,0.447994,0.210453,657.8169208275331
74,0.2661,43,9734,236,8330,0.2661,0.434992,0.251664,1181.1806912506254
199,0.2672,41,8656,236,8330,0.2672,0.496943,0.242558,1204.4449114808808
51,0.2735,41,4414,236,8330,0.2735,0.445719,0.243182,1215.7143390842023
162,0.276,41,7276,236,8330,0.276,0.458652,0.249783,1228.7473290646064
110,0.306,45,13075,236,8330,0.306,0.460176,0.237022,1353.9766452450206
40,0.3259,48,11719,236,8330,0.3259,0.456947,0.234852,1435.0023739449266
45,0.3442,42,6591,236,8330,0.3442,0.484864,0.215624,1520.5622151185144
130,0.3466,46,10694,236,8330,0.3466,0.477498,0.240689,1524.9672619858104
116,0.4087,41,17994,236,8330,0.4087,0.475354,0.238218,1779.4850484131264
83,0.4196,42,6833,236,8330,0.4196,0.509368,0.266477,1830.0472610608322
44,0.1485,5,3651,237,4470,0.1485,0.489379,0.194001,721.7881137965327
8,0.1652,8,6365,237,4470,0.1652,0.469875,0.266567,775.0675559503038
41,0.1803,5,3749,237,4470,0.1803,0.496378,0.23058,849.3427521125616
114,0.1823,9,3988,237,4470,0.1823,0.428536,0.274677,832.4434126038778
72,0.2625,10,6561,237,4470,0.2625,0.465093,0.22895,1177.9708241535654
109,0.2941,9,4333,237,4470,0.2941,0.458753,0.265452,1300.940455064266
118,0.2994,10,6636,237,4470,0.2994,0.51121,0.255518,1338.861345457055
54,0.3146,9,3814,237,4470,0.3146,0.507766,0.256127,1400.1700833910281
177,0.3153,6,2676,237,4470,0.3153,0.478821,0.208308,1401.2567557146865
93,0.3208,6,3859,237,4470,0.3208,0.51817,0.256487,1428.5043516065866
61,0.0838,15,2121,238,3100,0.0838,0.467181,0.239857,443.9025990306899
62,0.0951,15,3193,238,3100,0.0951,0.47399,0.247277,491.1988861010164
183,0.0961,16,2351,238,3100,0.0961,0.478763,0.240323,497.5840490423052
85,0.0997,12,2205,238,3100,0.0997,0.472339,0.236606,511.0347046577098
68,0.1058,15,3238,238,3100,0.1058,0.498281,0.233864,543.771219607713
67,0.1109,18,2281,238,3100,0.1109,0.435637,0.255882,544.0195854884786
131,0.1187,18,3258,238,3100,0.1187,0.494525,0.229641,596.2021402834463
191,0.1219,13,1809,238,3100,0.1219,0.437232,0.221004,594.2755310679631
28,0.1234,17,5009,238,3100,0.1234,0.430844,0.233889,596.8962486535634
151,0.1356,18,2757,238,3100,0.1356,0.469374,0.251472,655.5003640205576
90,0.0883,8,2079,239,2560,0.0883,0.446593,0.274291,451.9272056263845
63,0.098,8,1834,239,2560,0.098,0.460309,0.270847,496.0686256456341
198,0.0998,14,2938,239,2560,0.0998,0.432108,0.291238,492.7420218232618
99,0.103,10,2281,239,2560,0.103,0.444075,0.265003,512.7722619138298
103,0.1106,7,1866,239,2560,0.1106,0.438896,0.242983,545.4388305519221
156,0.1319,10,3096,239,2560,0.1319,0.450621,0.280085,631.1797684101073
87,0.1335,7,2392,239,2560,0.1335,0.4751,0.252186,648.4088843313443
3,0.1347,8,2998,239,2560,0.1347,0.46274,0.224722,653.5136799388295
193,0.1362,10,2675,239,2560,0.1362,0.442899,0.238618,652.191977885862
155,0.1382,7,1921,239,2560,0.1382,0.418286,0.262363,650.2520287281131
62,0.0906,15,3193,240,2540,0.0906,0.442409,0.252824,463.0556055522933
85,0.1063,12,2205,240,2540,0.1063,0.458046,0.209287,537.7290244077979
194,0.1145,16,2773,240,2540,0.1145,0.463545,0.235154,569.4643744051765
70,0.115,14,2567,240,2540,0.115,0.427509,0.24084,560.5565527058698
183,0.1156,16,2351,240,2540,0.1156,0.386162,0.242827,551.0515949016822
61,0.1204,15,2121,240,2540,0.1204,0.479225,0.199226,602.9217398393166
67,0.1262,18,2281,240,2540,0.1262,0.441282,0.263829,607.3277040963354
191,0.1342,13,1809,240,2540,0.1342,0.43445,0.23647,641.8828667257893
28,0.1362,17,5009,240,2540,0.1362,0.453537,0.235986,655.5549369822294
131,0.1413,18,3258,240,2540,0.1413,0.44661,0.218208,676.9012243426153
71,0.3319,58,15210,241,7040,0.3319,0.459561,0.232491,1460.6760929232876
69,0.3397,54,15982,241,7040,0.3397,0.415385,0.255372,1477.1129927732113
130,0.3792,46,10694,241,7040,0.3792,0.464507,0.245657,1654.3818529676962
12,0.3867,66,9862,241,7040,0.3867,0.461521,0.27435,1680.4654538824047
96,0.4752,48,8638,241,7040,0.4752,0.47005,0.226975,2052.3366582676645
14,0.4897,65,11096,241,7040,0.4897,0.516745,0.222031,2125.705742045707
199,0.5196,41,8656,241,7040,0.5196,0.456184,0.255744,2226.7302444684105
40,0.5379,48,11719,241,7040,0.5379,0.471024,0.196655,2313.9290748892217
17,0.5988,60,24421,241,7040,0.5988,0.420044,0.226369,2545.3921417184038
108,0.6663,52,5080,241,7040,0.6663,0.452207,0.217553,2832.6241800925723
46,0.226,20,4332,242,2380,0.226,0.536873,0.235543,1047.6424345378646
128,0.233,14,3062,242,2380,0.233,0.459063,0.2391,1053.86761342952
158,0.2789,19,3890,242,2380,0.2789,0.479822,0.267532,1244.2591150088783
98,0.296,21,5921,242,2380,0.296,0.480804,0.235521,1318.9855674354667
151,0.3008,18,2757,242,2380,0.3008,0.479131,0.231826,1338.701281595369
52,0.3038,22,3147,242,2380,0.3038,0.471365,0.202444,1352.748352746799
161,0.3136,15,3909,242,2380,0.3136,0.454416,0.248076,1382.048373859898
170,0.314,24,4700,242,2380,0.314,0.496766,0.214864,1400.1228634206611
165,0.3183,13,3034,242,2380,0.3183,0.487203,0.206209,1416.2187685338185
176,0.3335,21,5137,242,2380,0.3335,0.463254,0.242231,1466.9811615939616
125,0.1528,24,3512,243,4810,0.1528,0.459683,0.234825,725.5587339703773
176,0.1642,21,5137,243,4810,0.1642,0.457603,0.21248,774.7370359194566
167,0.1774,17,1408,243,4810,0.1774,0.475751,0.220471,832.9612109664695
151,0.1852,18,2757,243,4810,0.1852,0.459301,0.217361,860.7257636100168
52,0.1899,22,3147,243,4810,0.1899,0.50616,0.237915,890.5167150067775
185,0.1912,17,2359,243,4810,0.1912,0.481345,0.21629,891.7250705584963
28,0.2072,17,5009,243,4810,0.2072,0.457121,0.262654,944.3066447424571
13,0.2165,22,1875,243,4810,0.2165,0.472137,0.243917,989.2233357404353
4,0.2173,20,3948,243,4810,0.2173,0.467277,0.220423,994.2775323607793
67,0.2181,18,2281,243,4810,0.2181,0.482071,0.225826,1001.0226112014435
115,0.4002,77,25066,244,23040,0.4002,0.45774,0.244954,1738.7231208591616
14,0.6301,65,11096,244,23040,0.6301,0.470885,0.236627,2686.827739532457
100,0.6541,68,10354,244,23040,0.6541,0.445814,0.247654,2776.726831479273
12,0.7341,66,9862,244,23040,0.7341,0.438886,0.236906,3104.442458596185
71,0.91,58,15210,244,23040,0.91,0.466614,0.19507,3839.6029698972966
15,0.9259,77,32022,244,23040,0.9259,0.435613,0.227577,3891.7126760082206
17,0.9972,60,24421,244,23040,0.9972,0.473987,0.243408,4192.991972622983
69,1.0724,54,15982,244,23040,1.0724,0.430452,0.246552,4488.793298291037
208,1.0844,108,22226,244,23040,1.0844,0.447866,0.239609,4543.886699947159
73,1.1547,61,18449,244,23040,1.1547,0.46517,0.238927,4837.312555167496
72,0.3889,10,6561,245,6530,0.3889,0.441122,0.243756,1687.8175706179463
203,0.3948,16,6974,245,6530,0.3948,0.448408,0.297419,1706.898405842004
114,0.4278,9,3988,245,6530,0.4278,0.449673,0.276721,1845.4264943183782
44,0.4947,5,3651,245,6530,0.4947,0.455117,0.269753,2122.388146715683
102,0.4988,12,6256,245,6530,0.4988,0.485632,0.25119,2150.3321413720346
41,0.5116,5,3749,245,6530,0.5116,0.48897,0.289724,2198.6327471939962
8,0.5345,8,6365,245,6530,0.5345,0.491498,0.294694,2292.6400444847436
39,0.5972,5,2675,245,6530,0.5972,0.486163,0.296533,2548.139254345164
177,0.6283,6,2676,245,6530,0.6283,0.459367,0.267412,2672.059201421193
117,0.6495,15,8130,245,6530,0.6495,0.479771,0.302064,2760.1740563412386
202,0.4605,27,7468,246,5910,0.4605,0.474609,0.252576,1989.8839663614233
206,0.5087,19,6402,246,5910,0.5087,0.440503,0.272728,2175.2954638434207
201,0.5617,24,6965,246,5910,0.5617,0.488602,0.269969,2406.7329320879094
203,0.5908,16,6974,246,5910,0.5908,0.459081,0.239716,2521.8274733536828
159,0.6223,26,5022,246,5910,0.6223,0.468865,0.263553,2650.64619112821
113,0.63,28,21576,246,5910,0.63,0.437559,0.233484,2677.407721246877
98,0.6488,21,5921,246,5910,0.6488,0.460413,0.256642,2757.9084746205476
101,0.6491,26,7096,246,5910,0.6491,0.480826,0.247865,2766.0916473680354
200,0.6547,17,6615,246,5910,0.6547,0.460722,0.261832,2781.508124886719
6,0.6555,21,5952,246,5910,0.6555,0.422087,0.212229,2780.501948021932
102,0.3656,12,6256,247,2820,0.3656,0.470785,0.224132,1603.2416229042458
161,0.3658,15,3909,247,2820,0.3658,0.427373,0.254279,1587.73894864106
160,0.3797,16,3739,247,2820,0.3797,0.475121,0.284586,1654.2221962574508
98,0.3806,21,5921,247,2820,0.3806,0.458043,0.229261,1660.4931031068731
200,0.3975,17,6615,247,2820,0.3975,0.496112,0.209209,1743.2920454004588
158,0.3989,19,3890,247,2820,0.3989,0.44624,0.265733,1727.3515071709453
128,0.4222,14,3062,247,2820,0.4222,0.478407,0.250317,1834.118171194048
46,0.4457,20,4332,247,2820,0.4457,0.532022,0.265928,1943.6186586730546
42,0.448,13,5826,247,2820,0.448,0.479716,0.222277,1944.1009325626308
203,0.4484,16,6974,247,2820,0.4484,0.518724,0.249973,1953.0707596876673
165,0.1924,13,3034,248,6520,0.1924,0.468373,0.22795,891.415826177447
128,0.2003,14,3062,248,6520,0.2003,0.462122,0.237634,920.7630141439265
106,0.2231,7,3208,248,6520,0.2231,0.473138,0.239358,1017.1968065867746
66,0.2258,13,1879,248,6520,0.2258,0.423007,0.22897,1015.4800103758555
179,0.2438,10,1828,248,6520,0.2438,0.492434,0.246476,1106.6349527240318
148,0.2452,13,1680,248,6520,0.2452,0.485264,0.2635,1108.0696413584214
195,0.2487,12,1837,248,6520,0.2487,0.489536,0.276445,1121.904846884112
68,0.2496,15,3238,248,6520,0.2496,0.521956,0.224563,1141.7217162217992
33,0.2497,13,2366,248,6520,0.2497,0.464171,0.234776,1124.411667452677
97,0.2568,15,3951,248,6520,0.2568,0.444969,0.270445,1143.3307391552955
34,0.0791,6,1699,249,2990,0.0791,0.435785,0.220218,418.3648689903581
129,0.0944,7,2353,249,2990,0.0944,0.46922,0.281087,482.4479644769926
189,0.1018,7,2247,249,2990,0.1018,0.455446,0.225728,516.3276139554918
35,0.1037,8,1236,249,2990,0.1037,0.440223,0.22313,520.1633694837121
126,0.1084,8,1645,249,2990,0.1084,0.453135,0.231839,541.9345406533123
76,0.1235,5,647,249,2990,0.1235,0.432538,0.230164,598.2849021675726
155,0.1252,7,1921,249,2990,0.1252,0.453876,0.265293,606.5925465506677
174,0.1312,8,4047,249,2990,0.1312,0.432083,0.216436,631.5878308861439
172,0.1319,6,1958,249,2990,0.1319,0.435491,0.252549,630.5867956190534
22,0.1342,5,1381,249,2990,0.1342,0.485937,0.240549,655.9064901411077
69,0.2765,54,15982,250,5400,0.2765,0.451619,0.25373,1228.2798559983146
96,0.3877,48,8638,250,5400,0.3877,0.430277,0.267003,1676.7110064917365
45,0.4627,42,6591,250,5400,0.4627,0.442862,0.245676,1990.8508458229437
40,0.4751,48,11719,250,5400,0.4751,0.465704,0.213853,2052.454268753886
17,0.511,60,24421,250,5400,0.511,0.422095,0.222384,2186.2669085700495
130,0.514,46,10694,250,5400,0.514,0.420002,0.263812,2192.434001116979
71,0.5681,58,15210,250,5400,0.5681,0.444725,0.21554,2427.8663645260126
110,0.5872,45,13075,250,5400,0.5872,0.463889,0.250852,2506.9257029314585
204,0.6101,45,7359,250,5400,0.6101,0.437899,0.220498,2597.5946713887365
74,0.6409,43,9734,250,5400,0.6409,0.439858,0.244302,2721.3313870857246
101,0.2097,26,7096,251,7000,0.2097,0.469202,0.256016,958.8719614599501
159,0.2177,26,5022,251,7000,0.2177,0.453698,0.237059,989.84759256489
202,0.2352,27,7468,251,7000,0.2352,0.466002,0.262546,1061.7170363926243
98,0.2642,21,5921,251,7000,0.2642,0.451742,0.278985,1174.4652849187266
75,0.2765,28,9565,251,7000,0.2765,0.504303,0.25407,1243.1430694789713
201,0.3109,24,6965,251,7000,0.3109,0.506085,0.264369,1383.4093963360278
6,0.3154,21,5952,251,7000,0.3154,0.437941,0.239747,1385.887233048341
112,0.317,21,12921,251,7000,0.317,0.479538,0.262764,1401.140028332768
143,0.325,25,4492,251,7000,0.325,0.495398,0.279843,1436.1639863835585
37,0.3283,25,7035,251,7000,0.3283,0.462112,0.222675,1447.9422504670338
111,0.5465,36,5057,252,11260,0.5465,0.451572,0.238595,2338.091801396318
205,0.5572,38,11943,252,11260,0.5572,0.432384,0.257802,2373.990639094064
202,0.5623,27,7468,252,11260,0.5623,0.468128,0.269403,2403.4766978338344
18,0.6416,33,13489,252,11260,0.6416,0.42453,0.239908,2720.4544663806532
116,0.6453,41,17994,252,11260,0.6453,0.461809,0.270064,2742.1452353861455
206,0.6935,19,6402,252,11260,0.6935,0.43753,0.233125,2937.985244084715
204,0.7005,45,7359,252,11260,0.7005,0.411444,0.271401,2954.1967340793813
169,0.7059,33,2194,252,11260,0.7059,0.435844,0.252653,2985.768901302767
113,0.7104,28,21576,252,11260,0.7104,0.413049,0.251438,2997.9443209841725
201,0.7366,24,6965,252,11260,0.7366,0.449231,0.24513,3116.525675671778
204,0.2424,45,7359,253,8340,0.2424,0.417137,0.254019,1078.5725057560937
110,0.333,45,13075,253,8340,0.333,0.488234,0.267646,1468.5941731979744
162,0.3865,41,7276,253,8340,0.3865,0.465608,0.254127,1683.510391700482
45,0.3979,42,6591,253,8340,0.3979,0.473756,0.287002,1728.1860673436365
40,0.4205,48,11719,253,8340,0.4205,0.474612,0.225127,1829.4435465726979
205,0.4466,38,11943,253,8340,0.4466,0.459862,0.230969,1931.5740839015662
116,0.4646,41,17994,253,8340,0.4646,0.485216,0.232636,2012.3787605121677
111,0.4798,36,5057,253,8340,0.4798,0.47085,0.230115,2071.016020155616
83,0.4824,42,6833,253,8340,0.4824,0.47832,0.276952,2077.523549674931
94,0.5303,32,10962,253,8340,0.5303,0.448164,0.215497,2273.7536112131784
115,0.6725,77,25066,254,18030,0.6725,0.478744,0.260183,2859.8615623800893
15,0.7712,77,32022,254,18030,0.7712,0.465539,0.238098,3264.0448003580523
208,0.9095,108,22226,254,18030,0.9095,0.496867,0.250991,3838.6217293585773
73,1.006,61,18449,254,18030,1.006,0.47997,0.250852,4229.793912149794
100,1.1388,68,10354,254,18030,1.1388,0.51559,0.258883,4783.67044756824
71,1.1678,58,15210,254,18030,1.1678,0.467238,0.238533,4891.699255366233
17,1.2024,60,24421,254,18030,1.2024,0.441862,0.25415,5024.388506316277
12,1.2765,66,9862,254,18030,1.2765,0.455898,0.274713,5329.63492394218
14,1.3353,65,11096,254,18030,1.3353,0.504274,0.24004,5589.2229558963
69,1.401,54,15982,254,18030,1.401,0.484549,0.225534,5855.1483765564235
116,0.7494,41,17994,255,20520,0.7494,0.456227,0.238849,3171.864630046501
110,0.8536,45,13075,255,20520,0.8536,0.4506,0.232334,3598.6728986458743
204,0.8973,45,7359,255,20520,0.8973,0.397369,0.27151,3757.6606603112027
162,0.9132,41,7276,255,20520,0.9132,0.417639,0.238991,3832.9898219560746
199,0.9381,41,8656,255,20520,0.9381,0.444987,0.249171,3941.5288004605113
130,1.0201,46,10694,255,20520,1.0201,0.414762,0.238622,4270.8309893305795
205,1.0218,38,11943,255,20520,1.0218,0.434872,0.259796,4280.660470002836
96,1.0536,48,8638,255,20520,1.0536,0.433284,0.240946,4413.210108859864
40,1.0555,48,11719,255,20520,1.0555,0.459924,0.239555,4428.730763085053
18,1.0719,33,13489,255,20520,1.0719,0.424065,0.2295,4487.218598275476
110,0.2796,45,13075,256,13130,0.2796,0.473053,0.243253,1248.4679532584619
116,0.3643,41,17994,256,13130,0.3643,0.460978,0.235424,1593.6199326688616
204,0.4157,45,7359,256,13130,0.4157,0.418041,0.263186,1788.6424522544594
199,0.4678,41,8656,256,13130,0.4678,0.474785,0.244647,2020.9474715992378
162,0.4845,41,7276,256,13130,0.4845,0.448142,0.240359,2082.501660718052
130,0.4998,46,10694,256,13130,0.4998,0.451733,0.247089,2145.391552228575
205,0.5396,38,11943,256,13130,0.5396,0.45627,0.257067,2308.636457816761
96,0.6284,48,8638,256,13130,0.6284,0.402204,0.239778,2659.994962015678
51,0.6661,41,4414,256,13130,0.6661,0.439807,0.209875,2829.323086752828
18,0.672,33,13489,256,13130,0.672,0.444009,0.228257,2852.257262188662
181,0.1057,8,2381,257,1140,0.1057,0.431661,0.272871,519.2833125120201
76,0.1192,5,647,257,1140,0.1192,0.437241,0.247423,579.66114374421
179,0.1273,10,1828,257,1140,0.1273,0.471563,0.27619,618.7541926492668
105,0.1346,6,3431,257,1140,0.1346,0.432899,0.273833,638.0801808899517
65,0.1375,6,2200,257,1140,0.1375,0.427494,0.276588,648.0801728638603
22,0.1424,5,1381,257,1140,0.1424,0.472052,0.234475,686.4351226134748
172,0.1506,6,1958,257,1140,0.1506,0.409845,0.216556,704.8760719166137
106,0.1573,7,3208,257,1140,0.1573,0.415621,0.269552,726.9013123806926
34,0.1665,6,1699,257,1140,0.1665,0.413469,0.259675,765.3625882339634
155,0.167,7,1921,257,1140,0.167,0.403252,0.283958,761.2699845004565
12,0.443,66,9862,258,13340,0.443,0.504607,0.241406,1928.0675020618687
108,0.5127,52,5080,258,13340,0.5127,0.496992,0.227875,2213.7010793919417
14,0.5413,65,11096,258,13340,0.5413,0.526185,0.22356,2339.8847747169184
199,0.5953,41,8656,258,13340,0.5953,0.52139,0.258692,2555.3813260059283
100,0.6282,68,10354,258,13340,0.6282,0.475957,0.238285,2680.24532546438
130,0.6283,46,10694,258,13340,0.6283,0.476232,0.210034,2684.5178029886943
74,0.6862,43,9734,258,13340,0.6862,0.485768,0.25044,2919.3648518156633
40,0.7668,48,11719,258,13340,0.7668,0.518707,0.243584,3260.3026443957374
69,0.7926,54,15982,258,13340,0.7926,0.481826,0.224529,3358.2746404838254
51,0.8004,41,4414,258,13340,0.8004,0.538766,0.249582,3403.0348561932838
66,0.0901,13,1879,259,1425,0.0901,0.416775,0.251295,453.9549191745619
179,0.0996,10,1828,259,1425,0.0996,0.496847,0.22645,518.920241041448
148,0.1068,13,1680,259,1425,0.1068,0.424949,0.221291,528.8065669376183
156,0.1109,10,3096,259,1425,0.1109,0.460723,0.24393,552.71956552815
193,0.1202,10,2675,259,1425,0.1202,0.445149,0.243181,586.5701774346429
32,0.1218,11,1395,259,1425,0.1218,0.491109,0.227737,608.209675632513
126,0.1232,8,1645,259,1425,0.1232,0.395755,0.216512,588.4737478570831
133,0.16,8,2875,259,1425,0.16,0.431775,0.238812,746.6683983629564
195,0.1614,12,1837,259,1425,0.1614,0.409995,0.242585,745.7437197206481
181,0.1616,8,2381,259,1425,0.1616,0.405807,0.177278,754.127367289507
13,0.061,22,1875,260,4782,0.061,0.424181,0.230862,339.391815098423
124,0.1163,22,5410,260,4782,0.1163,0.44443,0.242075,570.5133413958789
185,0.1413,17,2359,260,4782,0.1413,0.4524,0.239502,675.6872682078841
167,0.1915,17,1408,260,4782,0.1915,0.44238,0.243697,878.2581606571174
192,0.1939,25,3227,260,4782,0.1939,0.473304,0.238866,897.5034032081737
4,0.1973,20,3948,260,4782,0.1973,0.463271,0.227152,910.1834143136641
131,0.2008,18,3258,260,4782,0.2008,0.422179,0.207937,915.4892997745396
157,0.2112,25,2783,260,4782,0.2112,0.469051,0.207043,971.5438389627208
152,0.2131,22,1771,260,4782,0.2131,0.431247,0.235643,964.810393798084
194,0.2133,16,2773,260,4782,0.2133,0.437162,0.251518,965.1783035942511
67,0.0935,18,2281,261,2917,0.0935,0.382539,0.259135,457.1665000744874
28,0.1172,17,5009,261,2917,0.1172,0.472172,0.258951,579.7959345825028
194,0.1231,16,2773,261,2917,0.1231,0.510097,0.225548,619.2100551394504
68,0.1258,15,3238,261,2917,0.1258,0.453226,0.223524,614.4655438475104
151,0.1392,18,2757,261,2917,0.1392,0.451244,0.289015,660.1114212500531
70,0.1619,14,2567,261,2917,0.1619,0.419203,0.227634,752.4036794061411
165,0.1729,13,3034,261,2917,0.1729,0.427673,0.241534,798.0710892595747
61,0.173,15,2121,261,2917,0.173,0.437182,0.205036,806.0613726097379
183,0.1733,16,2351,261,2917,0.1733,0.421095,0.233106,798.979771168776
131,0.1801,18,3258,261,2917,0.1801,0.423461,0.241872,826.3751572185512
